INSERT INTO Category VALUES
(1, 'Flowers'),
(2, 'Trees');

INSERT INTO Contact_Type VALUES
(1, 'Phone'),
(2, 'Email');

INSERT INTO Client_Type VALUES
(1, 'Retail'),
(2, 'Wholesale');

INSERT INTO District VALUES
(1, 'North'),
(2, 'South');

INSERT INTO Position VALUES
(1, 'Administrator'),
(2, 'Seller'),
(3, 'Purchasing Manager'),
(4, 'Accountant');

INSERT INTO Contacts VALUES
(1, 'contact1@example.com', 2),
(2, 'contact2@example.com', 1),
(3, 'contact3@example.com', 2),
(4, 'contact4@example.com', 1),
(5, 'contact5@example.com', 2),
(6, 'contact6@example.com', 1),
(7, 'contact7@example.com', 2),
(8, 'contact8@example.com', 1),
(9, 'contact9@example.com', 2),
(10, 'contact10@example.com', 1);

INSERT INTO Client VALUES
(1, 'Name1', 'Surname1', 1, 1, 1, 0.05, '2023-01-01', 'Company1', 'Manager', 'P1Num', 'client1', 'client'),
(2, 'Name2', 'Surname2', 1, 2, 1, 0.05, '2023-01-02', 'Company2', 'Manager', 'P2Num', 'client2', 'client'),
(3, 'Name3', 'Surname3', 1, 3, 1, 0.05, '2023-01-03', 'Company3', 'Manager', 'P3Num', 'client3', 'client'),
(4, 'Name4', 'Surname4', 1, 4, 1, 0.05, '2023-01-04', 'Company4', 'Manager', 'P4Num', 'client4', 'client'),
(5, 'Name5', 'Surname5', 1, 5, 1, 0.05, '2023-01-05', 'Company5', 'Manager', 'P5Num', 'client5', 'client'),
(6, 'Name6', 'Surname6', 1, 6, 2, 0.05, '2023-01-06', 'Company6', 'Manager', 'P6Num', 'client6', 'client'),
(7, 'Name7', 'Surname7', 1, 7, 2, 0.05, '2023-01-07', 'Company7', 'Manager', 'P7Num', 'client7', 'client'),
(8, 'Name8', 'Surname8', 1, 8, 2, 0.05, '2023-01-08', 'Company8', 'Manager', 'P8Num', 'client8', 'client'),
(9, 'Name9', 'Surname9', 1, 9, 2, 0.05, '2023-01-09', 'Company9', 'Manager', 'P9Num', 'client9', 'client'),
(10, 'Name10', 'Surname10', 1, 10, 2, 0.05, '2023-01-10', 'Company10', 'Manager', 'P10Num', 'client10', 'client');

INSERT INTO Employee VALUES
(1, 'EName1', 'ESurname1', '2023-01-02', '0700123001', 'emp1', 'emp', 1),
(2, 'EName2', 'ESurname2', '2023-01-03', '0700123002', 'emp2', 'emp', 2),
(3, 'EName3', 'ESurname3', '2023-01-04', '0700123003', 'emp3', 'emp', 3),
(4, 'EName4', 'ESurname4', '2023-01-05', '0700123004', 'emp4', 'emp', 4),
(5, 'EName5', 'ESurname5', '2023-01-06', '0700123005', 'emp5', 'emp', 1),
(6, 'EName6', 'ESurname6', '2023-01-07', '0700123006', 'emp6', 'emp', 2),
(7, 'EName7', 'ESurname7', '2023-01-08', '0700123007', 'emp7', 'emp', 3),
(8, 'EName8', 'ESurname8', '2023-01-09', '0700123008', 'emp8', 'emp', 4),
(9, 'EName9', 'ESurname9', '2023-01-10', '0700123009', 'emp9', 'emp', 1),
(10, 'EName10', 'ESurname10', '2023-01-11', '0700123010', 'emp10', 'emp', 2);

INSERT INTO Warehouse VALUES
(1, 'Warehouse1'),
(2, 'Warehouse2'),
(3, 'Warehouse3'),
(4, 'Warehouse4'),
(5, 'Warehouse5'),
(6, 'Warehouse6'),
(7, 'Warehouse7'),
(8, 'Warehouse8'),
(9, 'Warehouse9'),
(10, 'Warehouse10');

INSERT INTO Supplier VALUES
(1, 'Supplier1', '2022-01-02', 'Good'),
(2, 'Supplier2', '2022-01-03', 'Good'),
(3, 'Supplier3', '2022-01-04', 'Good'),
(4, 'Supplier4', '2022-01-05', 'Good'),
(5, 'Supplier5', '2022-01-06', 'Good'),
(6, 'Supplier6', '2022-01-07', 'Good'),
(7, 'Supplier7', '2022-01-08', 'Good'),
(8, 'Supplier8', '2022-01-09', 'Good'),
(9, 'Supplier9', '2022-01-10', 'Good'),
(10, 'Supplier10', '2022-01-11', 'Good');

INSERT INTO Supply_Type VALUES
(1, 'Local'),
(2, 'Import');

INSERT INTO Supply VALUES
(1, 'Company1', '2023-01-02', 'Supplier1', 'OK', 2, 10001, 1),
(2, 'Company2', '2023-01-03', 'Supplier2', 'OK', 1, 10002, 2),
(3, 'Company3', '2023-01-04', 'Supplier3', 'OK', 2, 10003, 3),
(4, 'Company4', '2023-01-05', 'Supplier4', 'OK', 1, 10004, 4),
(5, 'Company5', '2023-01-06', 'Supplier5', 'OK', 2, 10005, 5),
(6, 'Company6', '2023-01-07', 'Supplier6', 'OK', 1, 10006, 6),
(7, 'Company7', '2023-01-08', 'Supplier7', 'OK', 2, 10007, 7),
(8, 'Company8', '2023-01-09', 'Supplier8', 'OK', 1, 10008, 8),
(9, 'Company9', '2023-01-10', 'Supplier9', 'OK', 2, 10009, 9),
(10, 'Company10', '2023-01-11', 'Supplier10', 'OK', 1, 100010, 10);

INSERT INTO Product VALUES
(1, 'Product1', 'Desc1', '2023-01-01 10:00:00', 1, NULL),
(2, 'Product2', 'Desc2', '2023-01-02 10:00:00', 1, NULL),
(3, 'Product3', 'Desc3', '2023-01-03 10:00:00', 1, NULL),
(4, 'Product4', 'Desc4', '2023-01-04 10:00:00', 1, NULL),
(5, 'Product5', 'Desc5', '2023-01-05 10:00:00', 1, NULL),
(6, 'Product6', 'Desc6', '2023-01-06 10:00:00', 2, NULL),
(7, 'Product7', 'Desc7', '2023-01-07 10:00:00', 2, NULL),
(8, 'Product8', 'Desc8', '2023-01-08 10:00:00', 2, NULL),
(9, 'Product9', 'Desc9', '2023-01-09 10:00:00', 2, NULL),
(10, 'Product10', 'Desc10', '2023-01-10 10:00:00', 2, NULL);

INSERT INTO Supply_List VALUES
(1, 10, 100 + 1, 1, 1, NULL, 1),
(2, 10, 100 + 2, 2, 2, NULL, 2),
(3, 10, 100 + 3, 3, 3, NULL, 3),
(4, 10, 100 + 4, 4, 4, NULL, 4),
(5, 10, 100 + 5, 5, 5, NULL, 5),
(6, 10, 100 + 6, 6, 6, NULL, 6),
(7, 10, 100 + 7, 7, 7, NULL, 7),
(8, 10, 100 + 8, 8, 8, NULL, 8),
(9, 10, 100 + 9, 9, 9, NULL, 9),
(10, 10, 100 + 10, 10, 10, NULL, 10);

INSERT INTO Price_List VALUES
(1, 'Seasonal', 201, '2023-02-01 10:00:00', 1),
(2, 'Seasonal', 202, '2023-02-02 10:00:00', 2),
(3, 'Seasonal', 203, '2023-02-03 10:00:00', 3),
(4, 'Seasonal', 204, '2023-02-04 10:00:00', 4),
(5, 'Seasonal', 205, '2023-02-05 10:00:00', 5),
(6, 'Seasonal', 206, '2023-02-06 10:00:00', 6),
(7, 'Seasonal', 207, '2023-02-07 10:00:00', 7),
(8, 'Seasonal', 208, '2023-02-08 10:00:00', 8),
(9, 'Seasonal', 209, '2023-02-09 10:00:00', 9),
(10, 'Seasonal', 210, '2023-02-10 10:00:00', 10);

INSERT INTO Order_Status VALUES
(1, 'Pending'),
(2, 'Completed'),
(3, 'Cancelled');

INSERT INTO Order_Type VALUES
(1, 'Online'),
(2, 'In-Store');

INSERT INTO Discount_Type VALUES
(1, 'Event1'),
(2, 'Event2'),
(3, 'Event3'),
(4, 'Event4'),
(5, 'Event5'),
(6, 'Event6'),
(7, 'Event7'),
(8, 'Event8'),
(9, 'Event9'),
(10, 'Event10');

INSERT INTO Event_Type VALUES
(1, 'Type1'),
(2, 'Type2'),
(3, 'Type3'),
(4, 'Type4'),
(5, 'Type5'),
(6, 'Type6'),
(7, 'Type7'),
(8, 'Type8'),
(9, 'Type9'),
(10, 'Type10');

INSERT INTO Events VALUES
(1, 'Event1', 1, 'None'),
(2, 'Event2', 2, 'None'),
(3, 'Event3', 3, 'None'),
(4, 'Event4', 4, 'None'),
(5, 'Event5', 5, 'None'),
(6, 'Event6', 6, 'None'),
(7, 'Event7', 7, 'None'),
(8, 'Event8', 8, 'None'),
(9, 'Event9', 9, 'None'),
(10, 'Event10', 10, 'None');

INSERT INTO Discount VALUES
(1, 0.1 * 1, 1, 1),
(2, 0.1 * 2, 2, 2),
(3, 0.1 * 3, 3, 3),
(4, 0.1 * 4, 4, 4),
(5, 0.1 * 5, 5, 5),
(6, 0.1 * 6, 6, 6),
(7, 0.1 * 7, 7, 7),
(8, 0.1 * 8, 8, 8),
(9, 0.1 * 9, 9, 9),
(10, 0.1 * 10, 10, 10);
INSERT INTO Order_ (Client_ID, Order_Type_ID, Discount_ID, Order_Status_ID, Order_Date, Invoice_Number, Comment, Employee_ID)
VALUES
(1, 1, 1, 1, '2024-01-01', 'INV0001', 'Auto order #1', 1),
(1, 1, 1, 1, '2024-01-02', 'INV0002', 'Auto order #2', 2),
(1, 1, 1, 1, '2024-01-03', 'INV0003', 'Auto order #3', 3),
(1, 1, 1, 1, '2024-01-04', 'INV0004', 'Auto order #4', 1),
(1, 1, 1, 1, '2024-01-05', 'INV0005', 'Auto order #5', 2),
(1, 1, 1, 1, '2024-01-06', 'INV0006', 'Auto order #6', 3),
(1, 1, 1, 1, '2024-01-07', 'INV0007', 'Auto order #7', 1),
(1, 1, 1, 1, '2024-01-08', 'INV0008', 'Auto order #8', 2),
(1, 1, 1, 1, '2024-01-09', 'INV0009', 'Auto order #9', 3),
(1, 1, 1, 1, '2024-01-10', 'INV0010', 'Auto order #10', 1),
(2, 1, 1, 1, '2024-01-11', 'INV0011', 'Auto order #11', 2),
(2, 1, 1, 1, '2024-01-12', 'INV0012', 'Auto order #12', 3),
(2, 1, 1, 1, '2024-01-13', 'INV0013', 'Auto order #13', 1),
(2, 1, 1, 1, '2024-01-14', 'INV0014', 'Auto order #14', 2),
(2, 1, 1, 1, '2024-01-15', 'INV0015', 'Auto order #15', 3),
(2, 1, 1, 1, '2024-01-16', 'INV0016', 'Auto order #16', 1),
(2, 1, 1, 1, '2024-01-17', 'INV0017', 'Auto order #17', 2),
(2, 1, 1, 1, '2024-01-18', 'INV0018', 'Auto order #18', 3),
(2, 1, 1, 1, '2024-01-19', 'INV0019', 'Auto order #19', 1),
(2, 1, 1, 1, '2024-01-20', 'INV0020', 'Auto order #20', 2),
(3, 1, 1, 1, '2024-01-21', 'INV0021', 'Auto order #21', 3),
(3, 1, 1, 1, '2024-01-22', 'INV0022', 'Auto order #22', 1),
(3, 1, 1, 1, '2024-01-23', 'INV0023', 'Auto order #23', 2),
(3, 1, 1, 1, '2024-01-24', 'INV0024', 'Auto order #24', 3),
(3, 1, 1, 1, '2024-01-25', 'INV0025', 'Auto order #25', 1),
(3, 1, 1, 1, '2024-01-26', 'INV0026', 'Auto order #26', 2),
(3, 1, 1, 1, '2024-01-27', 'INV0027', 'Auto order #27', 3),
(3, 1, 1, 1, '2024-01-28', 'INV0028', 'Auto order #28', 1),
(3, 1, 1, 1, '2024-01-29', 'INV0029', 'Auto order #29', 2),
(3, 1, 1, 1, '2024-01-30', 'INV0030', 'Auto order #30', 3),
(4, 1, 1, 1, '2024-01-31', 'INV0031', 'Auto order #31', 1),
(4, 1, 1, 1, '2024-01-32', 'INV0032', 'Auto order #32', 2),
(4, 1, 1, 1, '2024-01-33', 'INV0033', 'Auto order #33', 3),
(4, 1, 1, 1, '2024-01-34', 'INV0034', 'Auto order #34', 1),
(4, 1, 1, 1, '2024-01-35', 'INV0035', 'Auto order #35', 2),
(4, 1, 1, 1, '2024-01-36', 'INV0036', 'Auto order #36', 3),
(4, 1, 1, 1, '2024-01-37', 'INV0037', 'Auto order #37', 1),
(4, 1, 1, 1, '2024-01-38', 'INV0038', 'Auto order #38', 2),
(4, 1, 1, 1, '2024-01-39', 'INV0039', 'Auto order #39', 3),
(4, 1, 1, 1, '2024-01-40', 'INV0040', 'Auto order #40', 1),
(5, 1, 1, 1, '2024-01-41', 'INV0041', 'Auto order #41', 2),
(5, 1, 1, 1, '2024-01-42', 'INV0042', 'Auto order #42', 3),
(5, 1, 1, 1, '2024-01-43', 'INV0043', 'Auto order #43', 1),
(5, 1, 1, 1, '2024-01-44', 'INV0044', 'Auto order #44', 2),
(5, 1, 1, 1, '2024-01-45', 'INV0045', 'Auto order #45', 3),
(5, 1, 1, 1, '2024-01-46', 'INV0046', 'Auto order #46', 1),
(5, 1, 1, 1, '2024-01-47', 'INV0047', 'Auto order #47', 2),
(5, 1, 1, 1, '2024-01-48', 'INV0048', 'Auto order #48', 3),
(5, 1, 1, 1, '2024-01-49', 'INV0049', 'Auto order #49', 1),
(5, 1, 1, 1, '2024-01-50', 'INV0050', 'Auto order #50', 2),
(6, 1, 1, 1, '2024-01-51', 'INV0051', 'Auto order #51', 3),
(6, 1, 1, 1, '2024-01-52', 'INV0052', 'Auto order #52', 1),
(6, 1, 1, 1, '2024-01-53', 'INV0053', 'Auto order #53', 2),
(6, 1, 1, 1, '2024-01-54', 'INV0054', 'Auto order #54', 3),
(6, 1, 1, 1, '2024-01-55', 'INV0055', 'Auto order #55', 1),
(6, 1, 1, 1, '2024-01-56', 'INV0056', 'Auto order #56', 2),
(6, 1, 1, 1, '2024-01-57', 'INV0057', 'Auto order #57', 3),
(6, 1, 1, 1, '2024-01-58', 'INV0058', 'Auto order #58', 1),
(6, 1, 1, 1, '2024-01-59', 'INV0059', 'Auto order #59', 2),
(6, 1, 1, 1, '2024-01-60', 'INV0060', 'Auto order #60', 3),
(7, 1, 1, 1, '2024-01-61', 'INV0061', 'Auto order #61', 1),
(7, 1, 1, 1, '2024-01-62', 'INV0062', 'Auto order #62', 2),
(7, 1, 1, 1, '2024-01-63', 'INV0063', 'Auto order #63', 3),
(7, 1, 1, 1, '2024-01-64', 'INV0064', 'Auto order #64', 1),
(7, 1, 1, 1, '2024-01-65', 'INV0065', 'Auto order #65', 2),
(7, 1, 1, 1, '2024-01-66', 'INV0066', 'Auto order #66', 3),
(7, 1, 1, 1, '2024-01-67', 'INV0067', 'Auto order #67', 1),
(7, 1, 1, 1, '2024-01-68', 'INV0068', 'Auto order #68', 2),
(7, 1, 1, 1, '2024-01-69', 'INV0069', 'Auto order #69', 3),
(7, 1, 1, 1, '2024-01-70', 'INV0070', 'Auto order #70', 1),
(8, 1, 1, 1, '2024-01-71', 'INV0071', 'Auto order #71', 2),
(8, 1, 1, 1, '2024-01-72', 'INV0072', 'Auto order #72', 3),
(8, 1, 1, 1, '2024-01-73', 'INV0073', 'Auto order #73', 1),
(8, 1, 1, 1, '2024-01-74', 'INV0074', 'Auto order #74', 2),
(8, 1, 1, 1, '2024-01-75', 'INV0075', 'Auto order #75', 3),
(8, 1, 1, 1, '2024-01-76', 'INV0076', 'Auto order #76', 1),
(8, 1, 1, 1, '2024-01-77', 'INV0077', 'Auto order #77', 2),
(8, 1, 1, 1, '2024-01-78', 'INV0078', 'Auto order #78', 3),
(8, 1, 1, 1, '2024-01-79', 'INV0079', 'Auto order #79', 1),
(8, 1, 1, 1, '2024-01-80', 'INV0080', 'Auto order #80', 2),
(9, 1, 1, 1, '2024-01-81', 'INV0081', 'Auto order #81', 3),
(9, 1, 1, 1, '2024-01-82', 'INV0082', 'Auto order #82', 1),
(9, 1, 1, 1, '2024-01-83', 'INV0083', 'Auto order #83', 2),
(9, 1, 1, 1, '2024-01-84', 'INV0084', 'Auto order #84', 3),
(9, 1, 1, 1, '2024-01-85', 'INV0085', 'Auto order #85', 1),
(9, 1, 1, 1, '2024-01-86', 'INV0086', 'Auto order #86', 2),
(9, 1, 1, 1, '2024-01-87', 'INV0087', 'Auto order #87', 3),
(9, 1, 1, 1, '2024-01-88', 'INV0088', 'Auto order #88', 1),
(9, 1, 1, 1, '2024-01-89', 'INV0089', 'Auto order #89', 2),
(9, 1, 1, 1, '2024-01-90', 'INV0090', 'Auto order #90', 3),
(10, 1, 1, 1, '2024-01-91', 'INV0091', 'Auto order #91', 1),
(10, 1, 1, 1, '2024-01-92', 'INV0092', 'Auto order #92', 2),
(10, 1, 1, 1, '2024-01-93', 'INV0093', 'Auto order #93', 3),
(10, 1, 1, 1, '2024-01-94', 'INV0094', 'Auto order #94', 1),
(10, 1, 1, 1, '2024-01-95', 'INV0095', 'Auto order #95', 2),
(10, 1, 1, 1, '2024-01-96', 'INV0096', 'Auto order #96', 3),
(10, 1, 1, 1, '2024-01-97', 'INV0097', 'Auto order #97', 1),
(10, 1, 1, 1, '2024-01-98', 'INV0098', 'Auto order #98', 2),
(10, 1, 1, 1, '2024-01-99', 'INV0099', 'Auto order #99', 3),
(10, 1, 1, 1, '2024-01-100', 'INV0100', 'Auto order #100', 1);

INSERT INTO Order_Details (Supply_List_ID, Order_ID, Quantity, Discounted_Price)
VALUES
(1, 1, 2, 110),
(2, 2, 3, 120),
(3, 3, 4, 130),
(4, 4, 5, 140),
(5, 5, 1, 150),
(6, 6, 2, 160),
(7, 7, 3, 170),
(8, 8, 4, 180),
(9, 9, 5, 190),
(10, 10, 1, 100),
(11, 11, 2, 110),
(12, 12, 3, 120),
(13, 13, 4, 130),
(14, 14, 5, 140),
(15, 15, 1, 150),
(16, 16, 2, 160),
(17, 17, 3, 170),
(18, 18, 4, 180),
(19, 19, 5, 190),
(20, 20, 1, 100),
(21, 21, 2, 110),
(22, 22, 3, 120),
(23, 23, 4, 130),
(24, 24, 5, 140),
(25, 25, 1, 150),
(26, 26, 2, 160),
(27, 27, 3, 170),
(28, 28, 4, 180),
(29, 29, 5, 190),
(30, 30, 1, 100),
(31, 31, 2, 110),
(32, 32, 3, 120),
(33, 33, 4, 130),
(34, 34, 5, 140),
(35, 35, 1, 150),
(36, 36, 2, 160),
(37, 37, 3, 170),
(38, 38, 4, 180),
(39, 39, 5, 190),
(40, 40, 1, 100),
(41, 41, 2, 110),
(42, 42, 3, 120),
(43, 43, 4, 130),
(44, 44, 5, 140),
(45, 45, 1, 150),
(46, 46, 2, 160),
(47, 47, 3, 170),
(48, 48, 4, 180),
(49, 49, 5, 190),
(50, 50, 1, 100),
(51, 51, 2, 110),
(52, 52, 3, 120),
(53, 53, 4, 130),
(54, 54, 5, 140),
(55, 55, 1, 150),
(56, 56, 2, 160),
(57, 57, 3, 170),
(58, 58, 4, 180),
(59, 59, 5, 190),
(60, 60, 1, 100),
(61, 61, 2, 110),
(62, 62, 3, 120),
(63, 63, 4, 130),
(64, 64, 5, 140),
(65, 65, 1, 150),
(66, 66, 2, 160),
(67, 67, 3, 170),
(68, 68, 4, 180),
(69, 69, 5, 190),
(70, 70, 1, 100),
(71, 71, 2, 110),
(72, 72, 3, 120),
(73, 73, 4, 130),
(74, 74, 5, 140),
(75, 75, 1, 150),
(76, 76, 2, 160),
(77, 77, 3, 170),
(78, 78, 4, 180),
(79, 79, 5, 190),
(80, 80, 1, 100),
(81, 81, 2, 110),
(82, 82, 3, 120),
(83, 83, 4, 130),
(84, 84, 5, 140),
(85, 85, 1, 150),
(86, 86, 2, 160),
(87, 87, 3, 170),
(88, 88, 4, 180),
(89, 89, 5, 190),
(90, 90, 1, 100),
(91, 91, 2, 110),
(92, 92, 3, 120),
(93, 93, 4, 130),
(94, 94, 5, 140),
(95, 95, 1, 150),
(96, 96, 2, 160),
(97, 97, 3, 170),
(98, 98, 4, 180),
(99, 99, 5, 190),
(100, 100, 1, 100);


INSERT INTO Payment_Type VALUES
(1, 'Card'),
(2, 'Cash');

INSERT INTO Payment (Payment_Type_ID, Amount, Date_, Comment, Order_ID)
VALUES
(1, 300, '2024-01-01', 'Auto pay #1', 1),
(2, 400, '2024-01-02', 'Auto pay #2', 2),
(1, 500, '2024-01-03', 'Auto pay #3', 3),
(2, 600, '2024-01-04', 'Auto pay #4', 4),
(1, 200, '2024-01-05', 'Auto pay #5', 5),
(2, 300, '2024-01-06', 'Auto pay #6', 6),
(1, 400, '2024-01-07', 'Auto pay #7', 7),
(2, 500, '2024-01-08', 'Auto pay #8', 8),
(1, 600, '2024-01-09', 'Auto pay #9', 9),
(2, 200, '2024-01-10', 'Auto pay #10', 10),
(1, 300, '2024-01-11', 'Auto pay #11', 11),
(2, 400, '2024-01-12', 'Auto pay #12', 12),
(1, 500, '2024-01-13', 'Auto pay #13', 13),
(2, 600, '2024-01-14', 'Auto pay #14', 14),
(1, 200, '2024-01-15', 'Auto pay #15', 15),
(2, 300, '2024-01-16', 'Auto pay #16', 16),
(1, 400, '2024-01-17', 'Auto pay #17', 17),
(2, 500, '2024-01-18', 'Auto pay #18', 18),
(1, 600, '2024-01-19', 'Auto pay #19', 19),
(2, 200, '2024-01-20', 'Auto pay #20', 20),
(1, 300, '2024-01-21', 'Auto pay #21', 21),
(2, 400, '2024-01-22', 'Auto pay #22', 22),
(1, 500, '2024-01-23', 'Auto pay #23', 23),
(2, 600, '2024-01-24', 'Auto pay #24', 24),
(1, 200, '2024-01-25', 'Auto pay #25', 25),
(2, 300, '2024-01-26', 'Auto pay #26', 26),
(1, 400, '2024-01-27', 'Auto pay #27', 27),
(2, 500, '2024-01-28', 'Auto pay #28', 28),
(1, 600, '2024-01-29', 'Auto pay #29', 29),
(2, 200, '2024-01-30', 'Auto pay #30', 30),
(1, 300, '2024-01-31', 'Auto pay #31', 31),
(2, 400, '2024-01-32', 'Auto pay #32', 32),
(1, 500, '2024-01-33', 'Auto pay #33', 33),
(2, 600, '2024-01-34', 'Auto pay #34', 34),
(1, 200, '2024-01-35', 'Auto pay #35', 35),
(2, 300, '2024-01-36', 'Auto pay #36', 36),
(1, 400, '2024-01-37', 'Auto pay #37', 37),
(2, 500, '2024-01-38', 'Auto pay #38', 38),
(1, 600, '2024-01-39', 'Auto pay #39', 39),
(2, 200, '2024-01-40', 'Auto pay #40', 40),
(1, 300, '2024-01-41', 'Auto pay #41', 41),
(2, 400, '2024-01-42', 'Auto pay #42', 42),
(1, 500, '2024-01-43', 'Auto pay #43', 43),
(2, 600, '2024-01-44', 'Auto pay #44', 44),
(1, 200, '2024-01-45', 'Auto pay #45', 45),
(2, 300, '2024-01-46', 'Auto pay #46', 46),
(1, 400, '2024-01-47', 'Auto pay #47', 47),
(2, 500, '2024-01-48', 'Auto pay #48', 48),
(1, 600, '2024-01-49', 'Auto pay #49', 49),
(2, 200, '2024-01-50', 'Auto pay #50', 50),
(1, 300, '2024-01-51', 'Auto pay #51', 51),
(2, 400, '2024-01-52', 'Auto pay #52', 52),
(1, 500, '2024-01-53', 'Auto pay #53', 53),
(2, 600, '2024-01-54', 'Auto pay #54', 54),
(1, 200, '2024-01-55', 'Auto pay #55', 55),
(2, 300, '2024-01-56', 'Auto pay #56', 56),
(1, 400, '2024-01-57', 'Auto pay #57', 57),
(2, 500, '2024-01-58', 'Auto pay #58', 58),
(1, 600, '2024-01-59', 'Auto pay #59', 59),
(2, 200, '2024-01-60', 'Auto pay #60', 60),
(1, 300, '2024-01-61', 'Auto pay #61', 61),
(2, 400, '2024-01-62', 'Auto pay #62', 62),
(1, 500, '2024-01-63', 'Auto pay #63', 63),
(2, 600, '2024-01-64', 'Auto pay #64', 64),
(1, 200, '2024-01-65', 'Auto pay #65', 65),
(2, 300, '2024-01-66', 'Auto pay #66', 66),
(1, 400, '2024-01-67', 'Auto pay #67', 67),
(2, 500, '2024-01-68', 'Auto pay #68', 68),
(1, 600, '2024-01-69', 'Auto pay #69', 69),
(2, 200, '2024-01-70', 'Auto pay #70', 70),
(1, 300, '2024-01-71', 'Auto pay #71', 71),
(2, 400, '2024-01-72', 'Auto pay #72', 72),
(1, 500, '2024-01-73', 'Auto pay #73', 73),
(2, 600, '2024-01-74', 'Auto pay #74', 74),
(1, 200, '2024-01-75', 'Auto pay #75', 75),
(2, 300, '2024-01-76', 'Auto pay #76', 76),
(1, 400, '2024-01-77', 'Auto pay #77', 77),
(2, 500, '2024-01-78', 'Auto pay #78', 78),
(1, 600, '2024-01-79', 'Auto pay #79', 79),
(2, 200, '2024-01-80', 'Auto pay #80', 80),
(1, 300, '2024-01-81', 'Auto pay #81', 81),
(2, 400, '2024-01-82', 'Auto pay #82', 82),
(1, 500, '2024-01-83', 'Auto pay #83', 83),
(2, 600, '2024-01-84', 'Auto pay #84', 84),
(1, 200, '2024-01-85', 'Auto pay #85', 85),
(2, 300, '2024-01-86', 'Auto pay #86', 86),
(1, 400, '2024-01-87', 'Auto pay #87', 87),
(2, 500, '2024-01-88', 'Auto pay #88', 88),
(1, 600, '2024-01-89', 'Auto pay #89', 89),
(2, 200, '2024-01-90', 'Auto pay #90', 90),
(1, 300, '2024-01-91', 'Auto pay #91', 91),
(2, 400, '2024-01-92', 'Auto pay #92', 92),
(1, 500, '2024-01-93', 'Auto pay #93', 93),
(2, 600, '2024-01-94', 'Auto pay #94', 94),
(1, 200, '2024-01-95', 'Auto pay #95', 95),
(2, 300, '2024-01-96', 'Auto pay #96', 96),
(1, 400, '2024-01-97', 'Auto pay #97', 97),
(2, 500, '2024-01-98', 'Auto pay #98', 98),
(1, 600, '2024-01-99', 'Auto pay #99', 99),
(2, 200, '2024-01-100', 'Auto pay #100', 100);

INSERT INTO Payout_Type VALUES
(1, 'Bank Transfer'),
(2, 'Cash');

INSERT INTO Salary VALUES
(1, 1000 + 10, '2023-03-01', 'Monthly', 100, 1, 1),
(2, 1000 + 20, '2023-03-02', 'Monthly', 100, 1, 2),
(3, 1000 + 30, '2023-03-03', 'Monthly', 100, 1, 3),
(4, 1000 + 40, '2023-03-04', 'Monthly', 100, 1, 4),
(5, 1000 + 50, '2023-03-05', 'Monthly', 100, 1, 5),
(6, 1000 + 60, '2023-03-06', 'Monthly', 100, 1, 6),
(7, 1000 + 70, '2023-03-07', 'Monthly', 100, 1, 7),
(8, 1000 + 80, '2023-03-08', 'Monthly', 100, 1, 8),
(9, 1000 + 90, '2023-03-09', 'Monthly', 100, 1, 9),
(10, 1000 + 100, '2023-03-10', 'Monthly', 100, 1, 10);

INSERT INTO Tax VALUES
(1, 6, 'Tax1', 'Standard'),
(2, 7, 'Tax2', 'Standard'),
(3, 8, 'Tax3', 'Standard'),
(4, 9, 'Tax4', 'Standard'),
(5, 10, 'Tax5', 'Standard'),
(6, 11, 'Tax6', 'Standard'),
(7, 12, 'Tax7', 'Standard'),
(8, 13, 'Tax8', 'Standard'),
(9, 14, 'Tax9', 'Standard'),
(10, 15, 'Tax10', 'Standard');

INSERT INTO Supply_Payment VALUES
(1, 100 * 1, 1, 1, '2023-03-01', 'Paid'),
(2, 100 * 2, 1, 2, '2023-03-02', 'Paid'),
(3, 100 * 3, 1, 3, '2023-03-03', 'Paid'),
(4, 100 * 4, 1, 4, '2023-03-04', 'Paid'),
(5, 100 * 5, 1, 5, '2023-03-05', 'Paid'),
(6, 100 * 6, 1, 6, '2023-03-06', 'Paid'),
(7, 100 * 7, 1, 7, '2023-03-07', 'Paid'),
(8, 100 * 8, 1, 8, '2023-03-08', 'Paid'),
(9, 100 * 9, 1, 9, '2023-03-09', 'Paid'),
(10, 100 * 10, 1, 10, '2023-03-10', 'Paid');

INSERT INTO Product_WriteOff VALUES
(1, 1, 'Issue', '2023-03-01', 1),
(2, 2, 'Issue', '2023-03-02', 2),
(3, 3, 'Issue', '2023-03-03', 3),
(4, 4, 'Issue', '2023-03-04', 4),
(5, 5, 'Issue', '2023-03-05', 5),
(6, 6, 'Issue', '2023-03-06', 6),
(7, 7, 'Issue', '2023-03-07', 7),
(8, 8, 'Issue', '2023-03-08', 8),
(9, 9, 'Issue', '2023-03-09', 9),
(10, 10, 'Issue', '2023-03-10', 10);

INSERT INTO Report VALUES
(1, '2023-03-01 12:00:00', 'Form1', 'Report1'),
(2, '2023-03-02 12:00:00', 'Form2', 'Report2'),
(3, '2023-03-03 12:00:00', 'Form3', 'Report3'),
(4, '2023-03-04 12:00:00', 'Form4', 'Report4'),
(5, '2023-03-05 12:00:00', 'Form5', 'Report5'),
(6, '2023-03-06 12:00:00', 'Form6', 'Report6'),
(7, '2023-03-07 12:00:00', 'Form7', 'Report7'),
(8, '2023-03-08 12:00:00', 'Form8', 'Report8'),
(9, '2023-03-09 12:00:00', 'Form9', 'Report9'),
(10, '2023-03-10 12:00:00', 'Form10', 'Report10');
